chr	pos1	pos2	chr2	pos3	pos4	length	width	Mean	maxpixel	pvalue	Stripiness
X	23890001	23930000	X	23690001	23930000	240000	40000	12.833564520549762	99.0%	0.07214428857715431	6.2274969028943605
X	1210001	1250000	X	340001	1250000	910000	40000	4.914169211208184	97.0%	0.08016032064128256	-31.767259048010327
X	160001	200000	X	160001	630000	470000	40000	8.958551561150063	97.0%	0.044	
