chr	pos1	pos2	chr2	pos3	pos4	length	width	Mean	maxpixel	pvalue	Stripiness
22	43010001	43060000	22	43010001	43540000	530000	50000	18.796479549343896	97.0%	0.042	4.907518526797408
22	36860001	36900000	22	36530001	36900000	370000	40000	24.60836059398417	97.0%	0.023	4.0241375629853
22	31310001	31360000	22	31310001	31670000	360000	50000	20.65509567599684	97.0%	0.041999999999999996	0.6215821219236523
22	44350001	44400000	22	44350001	45040000	690000	50000	12.734723060806925	95.0%	0.088	-0.30243573576049665
22	17950001	18000000	22	17540001	18000000	460000	50000	19.463928338340782	96.0%	0.051000000000000004	-0.6233103630983149
22	24310001	24350000	22	24310001	24700000	390000	40000	23.925451565079772	97.0%	0.02	-1.3665144365608928
22	22530001	22590000	22	22530001	22790000	260000	60000	27.26762417376543	98.0%	0.05499999999999999	-1.8675332879796376
