chr	pos1	pos2	chr2	pos3	pos4	length	width	Mean	maxpixel	pvalue	Stripiness
18	59770001	59810000	18	59180001	59810000	630000	40000	11.537019711450743	99.0%	0.047	4.021541616724999
18	3260001	3310000	18	3260001	4060000	800000	50000	10.232521190371262	96.0%	0.0625	1.6886779645616854
18	73160001	73210000	18	72330001	73210000	880000	50000	7.97894856011318	97.0%	0.0615	1.4343477641362448
18	22880001	22940000	18	22630001	22940000	310000	60000	21.770258411287585	96.0%	0.055	0.6579164089772414
18	43700001	43750000	18	43700001	44270000	570000	50000	10.629932038652012	97.0%	0.079	0.5402488240358064
18	72350001	72390000	18	72350001	73030000	680000	40000	10.104773094513908	96.0%	0.042499999999999996	0.06353388898209554
18	20940001	21010000	18	20600001	21010000	410000	70000	20.56030503933727	98.0%	0.079	-0.1760074691232434
