chr	pos1	pos2	chr2	pos3	pos4	length	width	Mean	maxpixel	pvalue	Stripiness
15	49100001	49400000	15	49100001	50500000	1400000	300000	134.5724679818578	98.0%	0.09905005005005005	-1.5837723375338681
15	20400001	20650000	15	20400001	28200000	7800000	250000	45.453812840298994	95.0%	0.0235	
15	21850001	22200000	15	21850001	28000000	6150000	350000	40.63877378494577	97.0%	0.087	
15	30450001	30700000	15	30450001	34450000	4000000	250000	54.75673937032428	97.0%	0.05251751751751752	
