chr	pos1	pos2	chr2	pos3	pos4	length	width	Mean	maxpixel	pvalue	Stripiness
10	33300001	33500000	10	33300001	34900000	1600000	200000	133.5422819153567	99.0%	0.062062062062062065	0.9041719875978516
10	47500001	47750000	10	45450001	47750000	2300000	250000	160.0411461217204	98.0%	0.003003003003003003	
10	46900001	47150000	10	46900001	50850000	3950000	250000	88.40264978731474	98.0%	0.04604604604604605	
