chr	pos1	pos2	chr2	pos3	pos4	length	width	Mean	maxpixel	pvalue	Stripiness
20	52500001	52750000	20	50800001	52750000	1950000	250000	118.06266027462607	97.0%	0.06920762286860582	-2.1472294692341443
