chr	pos1	pos2	chr2	pos3	pos4	length	width	Mean	maxpixel	pvalue	Stripiness
3	66250001	66400000	3	65300001	66400000	1100000	150000	123.18091421794946	99.0%	0.09569138276553106	
