chr	pos1	pos2	chr2	pos3	pos4	length	width	Mean	maxpixel	pvalue	Stripiness
16	80300001	80550000	16	78050001	80550000	2500000	250000	88.45138854478398	97.0%	0.08654604604604604	3.5515629771893393
16	16500001	16800000	16	16500001	20500000	4000000	300000	57.848343206698935	97.0%	0.054527027027027025	
16	32800001	33100000	16	31450001	33100000	1650000	300000	125.15230294935652	98.0%	0.006006006006006006	
16	14850001	15100000	16	14850001	16300000	1450000	250000	161.76993487755047	99.0%	0.06006006006006006	
