chr	pos1	pos2	chr2	pos3	pos4	length	width	Mean	maxpixel	pvalue	Stripiness
9	109800001	110000000	9	108500001	110000000	1500000	200000	127.09300774082223	99.0%	0.0865	1.6510183400190968
