chr	pos1	pos2	chr2	pos3	pos4	length	width	Mean	maxpixel	pvalue	Stripiness
1	206150001	206500000	1	205050001	206500000	1450000	350000	141.97442403757117	96.0%	0.0811623246492986	-2.007476007724865
1	104050001	104200000	1	104050001	107650000	3600000	150000	52.50928303957638	97.0%	0.08	
1	147700001	147850000	1	145250001	147850000	2600000	150000	128.59126586828066	99.0%	0.023022044088176354	
