chr	pos1	pos2	chr2	pos3	pos4	length	width	Mean	maxpixel	pvalue	Stripiness
2	87700001	88050000	2	82700001	88050000	5350000	350000	29.549326577582598	96.0%	0.07522567703109329	
