chr	pos1	pos2	chr2	pos3	pos4	length	width	Mean	maxpixel	pvalue	Stripiness
8	11950001	12250000	8	200001	12250000	12050000	300000	23.830823773527854	96.0%	0.07214428857715431	
8	7150001	7350000	8	5050001	7350000	2300000	200000	68.76307425660423	98.0%	0.08166332665330661	
