chr	pos1	pos2	chr2	pos3	pos4	length	width	Mean	maxpixel	pvalue	Stripiness
17	21150001	21350000	17	21150001	22300000	1150000	200000	153.70993297177486	97.0%	0.07014028056112225	-0.309057585258662
