chr	pos1	pos2	chr2	pos3	pos4	length	width	Mean	maxpixel	pvalue	Stripiness
X	149110001	149160000	X	149110001	149900000	790000	50000	25.787615342157135	99.0%	0.02754237288135593	7.610453256359999
X	19860001	19920000	X	19540001	19920000	380000	60000	42.55742083796951	99.0%	0.06987602008788449	2.941026485746378
X	11100001	11150000	X	10130001	11150000	1020000	50000	18.298912977914718	98.0%	0.08893484889247602	0.874972367346605
X	134290001	134330000	X	134290001	135020000	730000	40000	24.81301759373576	95.0%	0.04867724867724868	-3.7850490337882783
X	160001	230000	X	160001	1000000	840000	70000	25.04833549655789	98.0%	0.04920634920634921	-6.721398054158804
X	1220001	1260000	X	470001	1260000	790000	40000	23.867313632385994	97.0%	0.0211864406779661	-8.456820423743782
