chr	pos1	pos2	chr2	pos3	pos4	length	width	Mean	maxpixel	pvalue	Stripiness
21	40460001	40530000	21	39870001	40530000	660000	70000	12.809680433115245	95.0%	0.025025050100200404	8.523148629886995
21	43540001	43600000	21	43540001	43990000	450000	60000	15.996257935155475	95.0%	0.02905811623246493	4.923411871462364
21	39700001	39740000	21	39020001	39740000	720000	40000	10.305111873783774	96.0%	0.0595	3.2742803269883325
21	38260001	38310000	21	37780001	38310000	530000	50000	15.171243984759107	97.0%	0.08	2.461102233676865
21	30080001	30120000	21	29400001	30120000	720000	40000	8.992137636602457	97.0%	0.09209819639278558	1.4827781434933782
21	47370001	47410000	21	47370001	47880000	510000	40000	14.868600440744087	95.0%	0.072	1.0658251785365895
